MAE,RMSE,R2
1.672409849473096,2.048357097660885,0.2420743458134712
