MAE,RMSE,R2
1.6569560247823734,2.0488840806366913,0.2416843109939002
